CREATE TABLE ORDERS(
ORD_NO INT,
PURCH_AMT DECIMAL(8,2),
ORD_DATE DATE,
CUSTOMER_ID INT,
SALESMAN_ID INT);

INSERT INTO ORDERS VALUES(70001, 150.5, '05-OCT-2012', 3005, 5002),
(70009, 270.65, '10-SEP-2012', 3001, 5005),
(70002, 65.26, '05-OCT-2012', 3002, 5001),
(70004, 110.5, '17-AUG-2012', 3009, 5003),
(70007, 948.5, '10-SEP-2012', 3005, 5002),
(70005, 2400.6, '27-JUL-2012', 3007, 5001),
(70008, 5760, '10-SEP-2012', 3002, 50010),
(70010, 1983.43, '10-OCT-2012', 3004, 5006),
(70003, 2480.4, '10-OCT-2012', 3009, 5003),
(70012, 250.45, '27-JUN-2012', 3008, 50020),
(70011, 75.29, '17-AUG-2012', 3003, 5007),
(70013, 3045.6, '25-APR-2012', 3002, 5001),
(70001, 150.5, '05-OCT-2012', 3005, 5002),
(70009, 270.65, '10-SEP-2012', 3001, 5005),
(70002, 65.26, '05-OCT-2012', 3002, 5001);

SELECT * FROM ORDERS

--UPDATE ORDERS SET SALESMAN_ID=5001 WHERE ORD_NO=70002

CREATE TABLE CUSTOMER(
CUSTOMERID INT,
CUSTOMERNAME VARCHAR(20),
CITY VARCHAR(10),
CREDITLIMIT INT,
PRODUCTID INT);


INSERT INTO Customer (CustomerID, CustomerName, City, CreditLimit, ProductID)
VALUES
(3002, 'Nick Rimando', 'New York', 100, 5001),
(3007, 'Brad Davis', 'New York', 200, 5001),
(3005, 'Graham Zusi', 'California', 200, 5002),
(3008, 'Julian Green', 'London', 300, 5002),
(3004, 'Fabian Johnson', 'Paris', 300, 5006),
(3009, 'Geoff Cameron', 'Berlin', 100, 5003),
(3003, 'Jozy Altidor', 'Moscow', 200, 5007),
(3001, 'Brad Guzan', 'London', NULL, 5005);

SELECT * FROM CUSTOMER

CREATE TABLE SALESMAN(
SALESMANI_ID INT,
NAME VARCHAR(20),
CITY VARCHAR(10),
COMMISSION DECIMAL(8,2));


INSERT INTO SALESMAN 
VALUES
(5001, 'James Hoog', 'New York', 0.15),
(5002, 'Nail Knite', 'Paris', 0.13),
(5005, 'Pit Alex', 'London', 0.11),
(5006, 'Mc Lyon', 'Paris', 0.14),
(5007, 'Paul Adam', 'Rome', 0.13),
(5003, 'Lauson Hen', 'San Jose', 0.12);

SELECT * FROM SALESMAN

--DROP TABLE SALESMAN

SELECT SUM(PURCH_AMT) FROM ORDERS

SELECT AVG(PURCH_AMT) FROM ORDERS

SELECT  COUNT(NAME) FROM SALESMAN

SELECT COUNT(CUSTOMERNAME) FROM CUSTOMER

SELECT COUNT(CUSTOMERNAME) FROM CUSTOMER WHERE CREDITLIMIT>1

SELECT MAX(PURCH_AMT) FROM ORDERS 

SELECT MIN(PURCH_AMT) FROM ORDERS

SELECT DISTINCT MAX(CREDITLIMIT) FROM CUSTOMER 

SELECT CUSTOMER_ID,MAX(PURCH_AMT) FROM ORDERS  

SELECT  MAX(CUSTOMER_ID),MAX(PURCH_AMT) FROM ORDERS GROUP BY CUSTOMER_ID

SELECT  ORD_DATE,MAX(PURCH_AMT) FROM ORDERS 
GROUP BY ORD_DATE
